extroversion_video1,extroversion_video2,neuroticism_video1,neuroticism_video2,agreeableness_video1,agreeableness_video2,conscientiousness_video1,conscientiousness_video2,openness_video1,openness_video2
https://www.cs.umb.edu/~srikark/selected_videos/4b3a4c3a5d_23.mp4,https://www.cs.umb.edu/~srikark/selected_videos/dfbe16e76b_31.mp4,https://www.cs.umb.edu/~srikark/selected_videos/dfbe16e76b_56.mp4,https://www.cs.umb.edu/~srikark/selected_videos/34525d0742_8.mp4,https://www.cs.umb.edu/~srikark/selected_videos/3d6139bba9_10.mp4,https://www.cs.umb.edu/~srikark/selected_videos/4d1a00e372_43.mp4,https://www.cs.umb.edu/~srikark/selected_videos/4274b5c7b4_55.mp4,https://www.cs.umb.edu/~srikark/selected_videos/9948bda475_15.mp4,https://www.cs.umb.edu/~srikark/selected_videos/c651eb1676_20.mp4,https://www.cs.umb.edu/~srikark/selected_videos/685fab7ce3_8.mp4
https://www.cs.umb.edu/~srikark/selected_videos/dfbe16e76b_17.mp4,https://www.cs.umb.edu/~srikark/selected_videos/f2d95ed15e_35.mp4,https://www.cs.umb.edu/~srikark/selected_videos/dfbe16e76b_56.mp4,https://www.cs.umb.edu/~srikark/selected_videos/82ab936b7a_3.mp4,https://www.cs.umb.edu/~srikark/selected_videos/99a718fbeb_8.mp4,https://www.cs.umb.edu/~srikark/selected_videos/f5853adc98_36.mp4,https://www.cs.umb.edu/~srikark/selected_videos/40bb63a7fd_48.mp4,https://www.cs.umb.edu/~srikark/selected_videos/b8a4c17fbe_18.mp4,https://www.cs.umb.edu/~srikark/selected_videos/86410175f1_24.mp4,https://www.cs.umb.edu/~srikark/selected_videos/1a0f97af1e_47.mp4
https://www.cs.umb.edu/~srikark/selected_videos/4fdabf2807_5.mp4,https://www.cs.umb.edu/~srikark/selected_videos/7d3e7dcfc7_12.mp4,https://www.cs.umb.edu/~srikark/selected_videos/82ab936b7a_3.mp4,https://www.cs.umb.edu/~srikark/selected_videos/67bda42b8b_2.mp4,https://www.cs.umb.edu/~srikark/selected_videos/1a0f97af1e_54.mp4,https://www.cs.umb.edu/~srikark/selected_videos/0e90f800ce_54.mp4,https://www.cs.umb.edu/~srikark/selected_videos/0b1b1a67eb_7.mp4,https://www.cs.umb.edu/~srikark/selected_videos/4d1a00e372_51.mp4,https://www.cs.umb.edu/~srikark/selected_videos/2cb5b3df8d_4.mp4,https://www.cs.umb.edu/~srikark/selected_videos/540c0cba0a_75.mp4
https://www.cs.umb.edu/~srikark/selected_videos/57d773eed8_1.mp4,https://www.cs.umb.edu/~srikark/selected_videos/0c5b027fa3_10.mp4,https://www.cs.umb.edu/~srikark/selected_videos/dfbe16e76b_56.mp4,https://www.cs.umb.edu/~srikark/selected_videos/3a1838f3bb_4.mp4,https://www.cs.umb.edu/~srikark/selected_videos/02d0bf42a3_2.mp4,https://www.cs.umb.edu/~srikark/selected_videos/e360674f8b_6.mp4,https://www.cs.umb.edu/~srikark/selected_videos/e78f9ed094_31.mp4,https://www.cs.umb.edu/~srikark/selected_videos/c66e5d3516_12.mp4,https://www.cs.umb.edu/~srikark/selected_videos/0e90f800ce_33.mp4,https://www.cs.umb.edu/~srikark/selected_videos/5f94648651_10.mp4
https://www.cs.umb.edu/~srikark/selected_videos/e5124f7ead_7.mp4,https://www.cs.umb.edu/~srikark/selected_videos/b15da5f794_10.mp4,https://www.cs.umb.edu/~srikark/selected_videos/837d3a2ed9_17.mp4,https://www.cs.umb.edu/~srikark/selected_videos/82ab936b7a_3.mp4,https://www.cs.umb.edu/~srikark/selected_videos/6a10f8759a_28.mp4,https://www.cs.umb.edu/~srikark/selected_videos/6e8b99814c_12.mp4,https://www.cs.umb.edu/~srikark/selected_videos/4b8d550db2_8.mp4,https://www.cs.umb.edu/~srikark/selected_videos/068371806d_41.mp4,https://www.cs.umb.edu/~srikark/selected_videos/1a0f97af1e_11.mp4,https://www.cs.umb.edu/~srikark/selected_videos/50a13bf3e8_16.mp4
https://www.cs.umb.edu/~srikark/selected_videos/1a0f97af1e_6.mp4,https://www.cs.umb.edu/~srikark/selected_videos/4f2dda223f_11.mp4,https://www.cs.umb.edu/~srikark/selected_videos/d858a95536_2.mp4,https://www.cs.umb.edu/~srikark/selected_videos/720fccf6b1_42.mp4,https://www.cs.umb.edu/~srikark/selected_videos/068371806d_44.mp4,https://www.cs.umb.edu/~srikark/selected_videos/a2dd854c9c_11.mp4,https://www.cs.umb.edu/~srikark/selected_videos/b2f72bb343_22.mp4,https://www.cs.umb.edu/~srikark/selected_videos/d471c3cc18_12.mp4,https://www.cs.umb.edu/~srikark/selected_videos/c8c00639ec_39.mp4,https://www.cs.umb.edu/~srikark/selected_videos/c651eb1676_85.mp4
https://www.cs.umb.edu/~srikark/selected_videos/6e50939401_11.mp4,https://www.cs.umb.edu/~srikark/selected_videos/dfbe16e76b_35.mp4,https://www.cs.umb.edu/~srikark/selected_videos/d649734465_4.mp4,https://www.cs.umb.edu/~srikark/selected_videos/4c08eeaf99_87.mp4,https://www.cs.umb.edu/~srikark/selected_videos/8b30065b04_3.mp4,https://www.cs.umb.edu/~srikark/selected_videos/4c08eeaf99_121.mp4,https://www.cs.umb.edu/~srikark/selected_videos/5dfe50c99e_6.mp4,https://www.cs.umb.edu/~srikark/selected_videos/c8c00639ec_85.mp4,https://www.cs.umb.edu/~srikark/selected_videos/c651eb1676_18.mp4,https://www.cs.umb.edu/~srikark/selected_videos/e8477b04ec_39.mp4
https://www.cs.umb.edu/~srikark/selected_videos/c8c00639ec_51.mp4,https://www.cs.umb.edu/~srikark/selected_videos/40bb63a7fd_27.mp4,https://www.cs.umb.edu/~srikark/selected_videos/dfbe16e76b_56.mp4,https://www.cs.umb.edu/~srikark/selected_videos/f3dee66e8b_26.mp4,https://www.cs.umb.edu/~srikark/selected_videos/9dc1f32772_2.mp4,https://www.cs.umb.edu/~srikark/selected_videos/5d4347c609_6.mp4,https://www.cs.umb.edu/~srikark/selected_videos/ba1dc5171f_2.mp4,https://www.cs.umb.edu/~srikark/selected_videos/f5853adc98_12.mp4,https://www.cs.umb.edu/~srikark/selected_videos/c651eb1676_85.mp4,https://www.cs.umb.edu/~srikark/selected_videos/0a6455dbb0_6.mp4
https://www.cs.umb.edu/~srikark/selected_videos/dfbe16e76b_13.mp4,https://www.cs.umb.edu/~srikark/selected_videos/0a368dff45_7.mp4,https://www.cs.umb.edu/~srikark/selected_videos/720fccf6b1_5.mp4,https://www.cs.umb.edu/~srikark/selected_videos/e2298a78bc_1.mp4,https://www.cs.umb.edu/~srikark/selected_videos/1a0f97af1e_54.mp4,https://www.cs.umb.edu/~srikark/selected_videos/44feb03f30_6.mp4,https://www.cs.umb.edu/~srikark/selected_videos/4fdf48c5b7_24.mp4,https://www.cs.umb.edu/~srikark/selected_videos/800ea6fc4a_8.mp4,https://www.cs.umb.edu/~srikark/selected_videos/7d3e7dcfc7_22.mp4,https://www.cs.umb.edu/~srikark/selected_videos/446caa6f5f_43.mp4
https://www.cs.umb.edu/~srikark/selected_videos/dfbe16e76b_54.mp4,https://www.cs.umb.edu/~srikark/selected_videos/82ab936b7a_10.mp4,https://www.cs.umb.edu/~srikark/selected_videos/dfbe16e76b_56.mp4,https://www.cs.umb.edu/~srikark/selected_videos/f1f80e5aa0_6.mp4,https://www.cs.umb.edu/~srikark/selected_videos/82ab936b7a_3.mp4,https://www.cs.umb.edu/~srikark/selected_videos/acb1aa28ab_2.mp4,https://www.cs.umb.edu/~srikark/selected_videos/a6a618dc02_6.mp4,https://www.cs.umb.edu/~srikark/selected_videos/720fccf6b1_51.mp4,https://www.cs.umb.edu/~srikark/selected_videos/4274b5c7b4_34.mp4,https://www.cs.umb.edu/~srikark/selected_videos/63d4150e21_1.mp4
https://www.cs.umb.edu/~srikark/selected_videos/97ab48dd55_20.mp4,https://www.cs.umb.edu/~srikark/selected_videos/720fccf6b1_1.mp4,https://www.cs.umb.edu/~srikark/selected_videos/dfbe16e76b_56.mp4,https://www.cs.umb.edu/~srikark/selected_videos/c8c00639ec_67.mp4,https://www.cs.umb.edu/~srikark/selected_videos/1a0f97af1e_10.mp4,https://www.cs.umb.edu/~srikark/selected_videos/2d3a17b517_23.mp4,https://www.cs.umb.edu/~srikark/selected_videos/800ea6fc4a_8.mp4,https://www.cs.umb.edu/~srikark/selected_videos/6df776419c_20.mp4,https://www.cs.umb.edu/~srikark/selected_videos/40bb63a7fd_42.mp4,https://www.cs.umb.edu/~srikark/selected_videos/7ca6b24a30_3.mp4
https://www.cs.umb.edu/~srikark/selected_videos/4c08eeaf99_25.mp4,https://www.cs.umb.edu/~srikark/selected_videos/6e50939401_15.mp4,https://www.cs.umb.edu/~srikark/selected_videos/6474d3ca38_14.mp4,https://www.cs.umb.edu/~srikark/selected_videos/dfbe16e76b_56.mp4,https://www.cs.umb.edu/~srikark/selected_videos/5622559fe0_2.mp4,https://www.cs.umb.edu/~srikark/selected_videos/a1efe8642e_11.mp4,https://www.cs.umb.edu/~srikark/selected_videos/6df776419c_11.mp4,https://www.cs.umb.edu/~srikark/selected_videos/0a368dff45_28.mp4,https://www.cs.umb.edu/~srikark/selected_videos/d858a95536_18.mp4,https://www.cs.umb.edu/~srikark/selected_videos/c651eb1676_50.mp4
https://www.cs.umb.edu/~srikark/selected_videos/dfbe16e76b_7.mp4,https://www.cs.umb.edu/~srikark/selected_videos/392b9627d1_10.mp4,https://www.cs.umb.edu/~srikark/selected_videos/82ab936b7a_3.mp4,https://www.cs.umb.edu/~srikark/selected_videos/dfbe16e76b_56.mp4,https://www.cs.umb.edu/~srikark/selected_videos/1a0f97af1e_54.mp4,https://www.cs.umb.edu/~srikark/selected_videos/95a8d39321_6.mp4,https://www.cs.umb.edu/~srikark/selected_videos/837d3a2ed9_7.mp4,https://www.cs.umb.edu/~srikark/selected_videos/e388d3c0f1_4.mp4,https://www.cs.umb.edu/~srikark/selected_videos/2457d01ae7_41.mp4,https://www.cs.umb.edu/~srikark/selected_videos/6b5557f4d0_23.mp4
https://www.cs.umb.edu/~srikark/selected_videos/3065b7b574_9.mp4,https://www.cs.umb.edu/~srikark/selected_videos/7d3e7dcfc7_2.mp4,https://www.cs.umb.edu/~srikark/selected_videos/dfbe16e76b_56.mp4,https://www.cs.umb.edu/~srikark/selected_videos/1efc90d19f_4.mp4,https://www.cs.umb.edu/~srikark/selected_videos/e2298a78bc_16.mp4,https://www.cs.umb.edu/~srikark/selected_videos/540c0cba0a_78.mp4,https://www.cs.umb.edu/~srikark/selected_videos/d101e676ba_13.mp4,https://www.cs.umb.edu/~srikark/selected_videos/2cb5b3df8d_54.mp4,https://www.cs.umb.edu/~srikark/selected_videos/c651eb1676_49.mp4,https://www.cs.umb.edu/~srikark/selected_videos/540c0cba0a_24.mp4
https://www.cs.umb.edu/~srikark/selected_videos/c651eb1676_119.mp4,https://www.cs.umb.edu/~srikark/selected_videos/dfbe16e76b_20.mp4,https://www.cs.umb.edu/~srikark/selected_videos/540c0cba0a_75.mp4,https://www.cs.umb.edu/~srikark/selected_videos/b056ba1559_11.mp4,https://www.cs.umb.edu/~srikark/selected_videos/400f09a2d4_18.mp4,https://www.cs.umb.edu/~srikark/selected_videos/4b08571b97_1.mp4,https://www.cs.umb.edu/~srikark/selected_videos/43dae6eff0_2.mp4,https://www.cs.umb.edu/~srikark/selected_videos/d101e676ba_19.mp4,https://www.cs.umb.edu/~srikark/selected_videos/0a6455dbb0_38.mp4,https://www.cs.umb.edu/~srikark/selected_videos/4274b5c7b4_117.mp4
https://www.cs.umb.edu/~srikark/selected_videos/3aabfe0590_19.mp4,https://www.cs.umb.edu/~srikark/selected_videos/dfbe16e76b_15.mp4,https://www.cs.umb.edu/~srikark/selected_videos/97ab48dd55_8.mp4,https://www.cs.umb.edu/~srikark/selected_videos/dfbe16e76b_56.mp4,https://www.cs.umb.edu/~srikark/selected_videos/4274b5c7b4_71.mp4,https://www.cs.umb.edu/~srikark/selected_videos/323d340cd3_15.mp4,https://www.cs.umb.edu/~srikark/selected_videos/2cb5b3df8d_9.mp4,https://www.cs.umb.edu/~srikark/selected_videos/6b5557f4d0_26.mp4,https://www.cs.umb.edu/~srikark/selected_videos/ca6f968de3_4.mp4,https://www.cs.umb.edu/~srikark/selected_videos/f1d34d8f6a_9.mp4
https://www.cs.umb.edu/~srikark/selected_videos/f7c3f8989b_47.mp4,https://www.cs.umb.edu/~srikark/selected_videos/dfbe16e76b_27.mp4,https://www.cs.umb.edu/~srikark/selected_videos/4350597771_2.mp4,https://www.cs.umb.edu/~srikark/selected_videos/dfbe16e76b_56.mp4,https://www.cs.umb.edu/~srikark/selected_videos/068371806d_44.mp4,https://www.cs.umb.edu/~srikark/selected_videos/0569fa067c_1.mp4,https://www.cs.umb.edu/~srikark/selected_videos/5783b084a8_4.mp4,https://www.cs.umb.edu/~srikark/selected_videos/04ce952d75_10.mp4,https://www.cs.umb.edu/~srikark/selected_videos/61476146da_10.mp4,https://www.cs.umb.edu/~srikark/selected_videos/15b660a496_16.mp4
https://www.cs.umb.edu/~srikark/selected_videos/f2d95ed15e_3.mp4,https://www.cs.umb.edu/~srikark/selected_videos/dfbe16e76b_55.mp4,https://www.cs.umb.edu/~srikark/selected_videos/6474d3ca38_12.mp4,https://www.cs.umb.edu/~srikark/selected_videos/4274b5c7b4_37.mp4,https://www.cs.umb.edu/~srikark/selected_videos/1a0f97af1e_54.mp4,https://www.cs.umb.edu/~srikark/selected_videos/ccac203066_13.mp4,https://www.cs.umb.edu/~srikark/selected_videos/8b30065b04_5.mp4,https://www.cs.umb.edu/~srikark/selected_videos/b8a4c17fbe_26.mp4,https://www.cs.umb.edu/~srikark/selected_videos/2197da9321_19.mp4,https://www.cs.umb.edu/~srikark/selected_videos/1e93810269_11.mp4
https://www.cs.umb.edu/~srikark/selected_videos/e388d3c0f1_3.mp4,https://www.cs.umb.edu/~srikark/selected_videos/dfbe16e76b_50.mp4,https://www.cs.umb.edu/~srikark/selected_videos/82ab936b7a_3.mp4,https://www.cs.umb.edu/~srikark/selected_videos/2630e932f0_43.mp4,https://www.cs.umb.edu/~srikark/selected_videos/7bd0303cc6_86.mp4,https://www.cs.umb.edu/~srikark/selected_videos/67bda42b8b_22.mp4,https://www.cs.umb.edu/~srikark/selected_videos/04ce952d75_36.mp4,https://www.cs.umb.edu/~srikark/selected_videos/b8a4c17fbe_18.mp4,https://www.cs.umb.edu/~srikark/selected_videos/0a6455dbb0_97.mp4,https://www.cs.umb.edu/~srikark/selected_videos/7ca6b24a30_6.mp4
https://www.cs.umb.edu/~srikark/selected_videos/540c0cba0a_46.mp4,https://www.cs.umb.edu/~srikark/selected_videos/1a0f97af1e_1.mp4,https://www.cs.umb.edu/~srikark/selected_videos/dfbe16e76b_56.mp4,https://www.cs.umb.edu/~srikark/selected_videos/0c5b027fa3_2.mp4,https://www.cs.umb.edu/~srikark/selected_videos/068371806d_44.mp4,https://www.cs.umb.edu/~srikark/selected_videos/21ad80e26e_2.mp4,https://www.cs.umb.edu/~srikark/selected_videos/2457d01ae7_39.mp4,https://www.cs.umb.edu/~srikark/selected_videos/b8a4c17fbe_9.mp4,https://www.cs.umb.edu/~srikark/selected_videos/d858a95536_39.mp4,https://www.cs.umb.edu/~srikark/selected_videos/86410175f1_24.mp4
https://www.cs.umb.edu/~srikark/selected_videos/c77d5af3d1_2.mp4,https://www.cs.umb.edu/~srikark/selected_videos/720fccf6b1_1.mp4,https://www.cs.umb.edu/~srikark/selected_videos/1ff63a97cc_5.mp4,https://www.cs.umb.edu/~srikark/selected_videos/82ab936b7a_3.mp4,https://www.cs.umb.edu/~srikark/selected_videos/ca8d046ddd_5.mp4,https://www.cs.umb.edu/~srikark/selected_videos/82ab936b7a_3.mp4,https://www.cs.umb.edu/~srikark/selected_videos/5990ff1239_30.mp4,https://www.cs.umb.edu/~srikark/selected_videos/068371806d_44.mp4,https://www.cs.umb.edu/~srikark/selected_videos/2630e932f0_69.mp4,https://www.cs.umb.edu/~srikark/selected_videos/c651eb1676_50.mp4
https://www.cs.umb.edu/~srikark/selected_videos/1a0f97af1e_26.mp4,https://www.cs.umb.edu/~srikark/selected_videos/0aea3ae734_4.mp4,https://www.cs.umb.edu/~srikark/selected_videos/4fdf48c5b7_27.mp4,https://www.cs.umb.edu/~srikark/selected_videos/82ab936b7a_3.mp4,https://www.cs.umb.edu/~srikark/selected_videos/1a7096b272_6.mp4,https://www.cs.umb.edu/~srikark/selected_videos/068371806d_44.mp4,https://www.cs.umb.edu/~srikark/selected_videos/5debef5aaa_1.mp4,https://www.cs.umb.edu/~srikark/selected_videos/0aea3ae734_3.mp4,https://www.cs.umb.edu/~srikark/selected_videos/c651eb1676_85.mp4,https://www.cs.umb.edu/~srikark/selected_videos/4274b5c7b4_77.mp4
https://www.cs.umb.edu/~srikark/selected_videos/dfbe16e76b_12.mp4,https://www.cs.umb.edu/~srikark/selected_videos/e0f26547d1_7.mp4,https://www.cs.umb.edu/~srikark/selected_videos/63d54ec941_8.mp4,https://www.cs.umb.edu/~srikark/selected_videos/d858a95536_22.mp4,https://www.cs.umb.edu/~srikark/selected_videos/2457d01ae7_31.mp4,https://www.cs.umb.edu/~srikark/selected_videos/068371806d_44.mp4,https://www.cs.umb.edu/~srikark/selected_videos/f1f80e5aa0_13.mp4,https://www.cs.umb.edu/~srikark/selected_videos/6b5557f4d0_9.mp4,https://www.cs.umb.edu/~srikark/selected_videos/d649734465_2.mp4,https://www.cs.umb.edu/~srikark/selected_videos/3f81e67c9b_2.mp4
https://www.cs.umb.edu/~srikark/selected_videos/7d3e7dcfc7_15.mp4,https://www.cs.umb.edu/~srikark/selected_videos/86410175f1_1.mp4,https://www.cs.umb.edu/~srikark/selected_videos/4c08eeaf99_126.mp4,https://www.cs.umb.edu/~srikark/selected_videos/4c08eeaf99_93.mp4,https://www.cs.umb.edu/~srikark/selected_videos/6b5557f4d0_1.mp4,https://www.cs.umb.edu/~srikark/selected_videos/bdea0a4353_2.mp4,https://www.cs.umb.edu/~srikark/selected_videos/720fccf6b1_40.mp4,https://www.cs.umb.edu/~srikark/selected_videos/4d1a00e372_6.mp4,https://www.cs.umb.edu/~srikark/selected_videos/4f2dda223f_7.mp4,https://www.cs.umb.edu/~srikark/selected_videos/540c0cba0a_175.mp4
https://www.cs.umb.edu/~srikark/selected_videos/5783b084a8_4.mp4,https://www.cs.umb.edu/~srikark/selected_videos/dfbe16e76b_52.mp4,https://www.cs.umb.edu/~srikark/selected_videos/dfbe16e76b_56.mp4,https://www.cs.umb.edu/~srikark/selected_videos/82ab936b7a_3.mp4,https://www.cs.umb.edu/~srikark/selected_videos/f30a397b0c_5.mp4,https://www.cs.umb.edu/~srikark/selected_videos/4274b5c7b4_33.mp4,https://www.cs.umb.edu/~srikark/selected_videos/dfbe16e76b_22.mp4,https://www.cs.umb.edu/~srikark/selected_videos/f30a397b0c_27.mp4,https://www.cs.umb.edu/~srikark/selected_videos/4b8d550db2_34.mp4,https://www.cs.umb.edu/~srikark/selected_videos/1a0f97af1e_42.mp4
https://www.cs.umb.edu/~srikark/selected_videos/3eeda30ea0_11.mp4,https://www.cs.umb.edu/~srikark/selected_videos/dfbe16e76b_38.mp4,https://www.cs.umb.edu/~srikark/selected_videos/8c8de3ceb3_8.mp4,https://www.cs.umb.edu/~srikark/selected_videos/82ab936b7a_3.mp4,https://www.cs.umb.edu/~srikark/selected_videos/f2d95ed15e_17.mp4,https://www.cs.umb.edu/~srikark/selected_videos/1a0f97af1e_54.mp4,https://www.cs.umb.edu/~srikark/selected_videos/b8a4c17fbe_9.mp4,https://www.cs.umb.edu/~srikark/selected_videos/7cd91fe3d6_4.mp4,https://www.cs.umb.edu/~srikark/selected_videos/540c0cba0a_45.mp4,https://www.cs.umb.edu/~srikark/selected_videos/9948bda475_13.mp4
https://www.cs.umb.edu/~srikark/selected_videos/dfbe16e76b_48.mp4,https://www.cs.umb.edu/~srikark/selected_videos/e0f26547d1_16.mp4,https://www.cs.umb.edu/~srikark/selected_videos/d858a95536_107.mp4,https://www.cs.umb.edu/~srikark/selected_videos/dfbe16e76b_56.mp4,https://www.cs.umb.edu/~srikark/selected_videos/f2d95ed15e_80.mp4,https://www.cs.umb.edu/~srikark/selected_videos/1a0f97af1e_54.mp4,https://www.cs.umb.edu/~srikark/selected_videos/af0590ec9d_3.mp4,https://www.cs.umb.edu/~srikark/selected_videos/800ea6fc4a_8.mp4,https://www.cs.umb.edu/~srikark/selected_videos/2197da9321_15.mp4,https://www.cs.umb.edu/~srikark/selected_videos/aace3e2e18_6.mp4
https://www.cs.umb.edu/~srikark/selected_videos/0a6455dbb0_115.mp4,https://www.cs.umb.edu/~srikark/selected_videos/c8c00639ec_77.mp4,https://www.cs.umb.edu/~srikark/selected_videos/0c5b027fa3_8.mp4,https://www.cs.umb.edu/~srikark/selected_videos/9471a6fc08_5.mp4,https://www.cs.umb.edu/~srikark/selected_videos/ad46005343_1.mp4,https://www.cs.umb.edu/~srikark/selected_videos/c77d5af3d1_4.mp4,https://www.cs.umb.edu/~srikark/selected_videos/f2d95ed15e_73.mp4,https://www.cs.umb.edu/~srikark/selected_videos/e78f9ed094_5.mp4,https://www.cs.umb.edu/~srikark/selected_videos/1a0f97af1e_47.mp4,https://www.cs.umb.edu/~srikark/selected_videos/c651eb1676_37.mp4
https://www.cs.umb.edu/~srikark/selected_videos/d858a95536_105.mp4,https://www.cs.umb.edu/~srikark/selected_videos/1b3d1fb598_3.mp4,https://www.cs.umb.edu/~srikark/selected_videos/82ab936b7a_3.mp4,https://www.cs.umb.edu/~srikark/selected_videos/4b8d550db2_2.mp4,https://www.cs.umb.edu/~srikark/selected_videos/c8c00639ec_54.mp4,https://www.cs.umb.edu/~srikark/selected_videos/40bc55eee3_9.mp4,https://www.cs.umb.edu/~srikark/selected_videos/4f2dda223f_6.mp4,https://www.cs.umb.edu/~srikark/selected_videos/068371806d_44.mp4,https://www.cs.umb.edu/~srikark/selected_videos/2197da9321_19.mp4,https://www.cs.umb.edu/~srikark/selected_videos/852d9942d3_2.mp4
https://www.cs.umb.edu/~srikark/selected_videos/540c0cba0a_45.mp4,https://www.cs.umb.edu/~srikark/selected_videos/068371806d_27.mp4,https://www.cs.umb.edu/~srikark/selected_videos/4fdf48c5b7_10.mp4,https://www.cs.umb.edu/~srikark/selected_videos/82ab936b7a_3.mp4,https://www.cs.umb.edu/~srikark/selected_videos/4274b5c7b4_94.mp4,https://www.cs.umb.edu/~srikark/selected_videos/c66e5d3516_9.mp4,https://www.cs.umb.edu/~srikark/selected_videos/068371806d_43.mp4,https://www.cs.umb.edu/~srikark/selected_videos/eb87c332e2_17.mp4,https://www.cs.umb.edu/~srikark/selected_videos/540c0cba0a_203.mp4,https://www.cs.umb.edu/~srikark/selected_videos/e8de8bb4d0_32.mp4
https://www.cs.umb.edu/~srikark/selected_videos/4c08eeaf99_44.mp4,https://www.cs.umb.edu/~srikark/selected_videos/540c0cba0a_139.mp4,https://www.cs.umb.edu/~srikark/selected_videos/53685c3f6a_1.mp4,https://www.cs.umb.edu/~srikark/selected_videos/720fccf6b1_14.mp4,https://www.cs.umb.edu/~srikark/selected_videos/40bb63a7fd_24.mp4,https://www.cs.umb.edu/~srikark/selected_videos/63d54ec941_2.mp4,https://www.cs.umb.edu/~srikark/selected_videos/e8477b04ec_58.mp4,https://www.cs.umb.edu/~srikark/selected_videos/068371806d_41.mp4,https://www.cs.umb.edu/~srikark/selected_videos/c651eb1676_18.mp4,https://www.cs.umb.edu/~srikark/selected_videos/4b8d550db2_15.mp4
https://www.cs.umb.edu/~srikark/selected_videos/7bd0303cc6_5.mp4,https://www.cs.umb.edu/~srikark/selected_videos/4c08eeaf99_103.mp4,https://www.cs.umb.edu/~srikark/selected_videos/61476146da_24.mp4,https://www.cs.umb.edu/~srikark/selected_videos/1e93810269_15.mp4,https://www.cs.umb.edu/~srikark/selected_videos/9664967346_2.mp4,https://www.cs.umb.edu/~srikark/selected_videos/04ce952d75_56.mp4,https://www.cs.umb.edu/~srikark/selected_videos/dabac09516_2.mp4,https://www.cs.umb.edu/~srikark/selected_videos/b8a4c17fbe_3.mp4,https://www.cs.umb.edu/~srikark/selected_videos/5dbe49fbc2_28.mp4,https://www.cs.umb.edu/~srikark/selected_videos/049dbc8289_107.mp4
https://www.cs.umb.edu/~srikark/selected_videos/09044899e9_13.mp4,https://www.cs.umb.edu/~srikark/selected_videos/dfbe16e76b_38.mp4,https://www.cs.umb.edu/~srikark/selected_videos/82ab936b7a_3.mp4,https://www.cs.umb.edu/~srikark/selected_videos/685fab7ce3_3.mp4,https://www.cs.umb.edu/~srikark/selected_videos/5f94648651_14.mp4,https://www.cs.umb.edu/~srikark/selected_videos/17becab0e7_12.mp4,https://www.cs.umb.edu/~srikark/selected_videos/540c0cba0a_161.mp4,https://www.cs.umb.edu/~srikark/selected_videos/b8a4c17fbe_9.mp4,https://www.cs.umb.edu/~srikark/selected_videos/540c0cba0a_148.mp4,https://www.cs.umb.edu/~srikark/selected_videos/c651eb1676_18.mp4
https://www.cs.umb.edu/~srikark/selected_videos/dfbe16e76b_34.mp4,https://www.cs.umb.edu/~srikark/selected_videos/068371806d_36.mp4,https://www.cs.umb.edu/~srikark/selected_videos/82ab936b7a_3.mp4,https://www.cs.umb.edu/~srikark/selected_videos/dfbe16e76b_56.mp4,https://www.cs.umb.edu/~srikark/selected_videos/3a1838f3bb_7.mp4,https://www.cs.umb.edu/~srikark/selected_videos/068371806d_44.mp4,https://www.cs.umb.edu/~srikark/selected_videos/e8477b04ec_38.mp4,https://www.cs.umb.edu/~srikark/selected_videos/f5853adc98_3.mp4,https://www.cs.umb.edu/~srikark/selected_videos/f1f80e5aa0_15.mp4,https://www.cs.umb.edu/~srikark/selected_videos/c2169a4997_5.mp4
https://www.cs.umb.edu/~srikark/selected_videos/dfbe16e76b_49.mp4,https://www.cs.umb.edu/~srikark/selected_videos/21ad80e26e_8.mp4,https://www.cs.umb.edu/~srikark/selected_videos/1a0f97af1e_12.mp4,https://www.cs.umb.edu/~srikark/selected_videos/049dbc8289_57.mp4,https://www.cs.umb.edu/~srikark/selected_videos/ef2f7d7dbf_63.mp4,https://www.cs.umb.edu/~srikark/selected_videos/f2d95ed15e_67.mp4,https://www.cs.umb.edu/~srikark/selected_videos/dfbe16e76b_54.mp4,https://www.cs.umb.edu/~srikark/selected_videos/e78f9ed094_7.mp4,https://www.cs.umb.edu/~srikark/selected_videos/c651eb1676_49.mp4,https://www.cs.umb.edu/~srikark/selected_videos/c77d5af3d1_3.mp4
https://www.cs.umb.edu/~srikark/selected_videos/1a0f97af1e_46.mp4,https://www.cs.umb.edu/~srikark/selected_videos/5f94648651_9.mp4,https://www.cs.umb.edu/~srikark/selected_videos/82ab936b7a_3.mp4,https://www.cs.umb.edu/~srikark/selected_videos/f1f80e5aa0_6.mp4,https://www.cs.umb.edu/~srikark/selected_videos/62c05bb425_21.mp4,https://www.cs.umb.edu/~srikark/selected_videos/068371806d_43.mp4,https://www.cs.umb.edu/~srikark/selected_videos/068371806d_41.mp4,https://www.cs.umb.edu/~srikark/selected_videos/f1f80e5aa0_7.mp4,https://www.cs.umb.edu/~srikark/selected_videos/b8c262bf8f_2.mp4,https://www.cs.umb.edu/~srikark/selected_videos/4274b5c7b4_74.mp4
https://www.cs.umb.edu/~srikark/selected_videos/4b08571b97_5.mp4,https://www.cs.umb.edu/~srikark/selected_videos/dfbe16e76b_35.mp4,https://www.cs.umb.edu/~srikark/selected_videos/82ab936b7a_3.mp4,https://www.cs.umb.edu/~srikark/selected_videos/685fab7ce3_16.mp4,https://www.cs.umb.edu/~srikark/selected_videos/9d22732682_34.mp4,https://www.cs.umb.edu/~srikark/selected_videos/c651eb1676_50.mp4,https://www.cs.umb.edu/~srikark/selected_videos/5dbe49fbc2_33.mp4,https://www.cs.umb.edu/~srikark/selected_videos/d8367d3dac_3.mp4,https://www.cs.umb.edu/~srikark/selected_videos/c651eb1676_95.mp4,https://www.cs.umb.edu/~srikark/selected_videos/cef307c622_1.mp4
https://www.cs.umb.edu/~srikark/selected_videos/0a6455dbb0_42.mp4,https://www.cs.umb.edu/~srikark/selected_videos/dfbe16e76b_31.mp4,https://www.cs.umb.edu/~srikark/selected_videos/068371806d_40.mp4,https://www.cs.umb.edu/~srikark/selected_videos/82ab936b7a_3.mp4,https://www.cs.umb.edu/~srikark/selected_videos/e8477b04ec_35.mp4,https://www.cs.umb.edu/~srikark/selected_videos/d471c3cc18_14.mp4,https://www.cs.umb.edu/~srikark/selected_videos/f5853adc98_3.mp4,https://www.cs.umb.edu/~srikark/selected_videos/c8c00639ec_64.mp4,https://www.cs.umb.edu/~srikark/selected_videos/b2f72bb343_6.mp4,https://www.cs.umb.edu/~srikark/selected_videos/4c08eeaf99_6.mp4
https://www.cs.umb.edu/~srikark/selected_videos/1a0f97af1e_43.mp4,https://www.cs.umb.edu/~srikark/selected_videos/c8c00639ec_3.mp4,https://www.cs.umb.edu/~srikark/selected_videos/40bb63a7fd_70.mp4,https://www.cs.umb.edu/~srikark/selected_videos/dfbe16e76b_56.mp4,https://www.cs.umb.edu/~srikark/selected_videos/4274b5c7b4_105.mp4,https://www.cs.umb.edu/~srikark/selected_videos/34525d0742_15.mp4,https://www.cs.umb.edu/~srikark/selected_videos/b8a4c17fbe_26.mp4,https://www.cs.umb.edu/~srikark/selected_videos/540c0cba0a_203.mp4,https://www.cs.umb.edu/~srikark/selected_videos/6e8b99814c_4.mp4,https://www.cs.umb.edu/~srikark/selected_videos/392b9627d1_10.mp4
https://www.cs.umb.edu/~srikark/selected_videos/dfbe16e76b_18.mp4,https://www.cs.umb.edu/~srikark/selected_videos/82ab936b7a_4.mp4,https://www.cs.umb.edu/~srikark/selected_videos/84125c414e_7.mp4,https://www.cs.umb.edu/~srikark/selected_videos/82ab936b7a_3.mp4,https://www.cs.umb.edu/~srikark/selected_videos/446caa6f5f_52.mp4,https://www.cs.umb.edu/~srikark/selected_videos/f30a397b0c_36.mp4,https://www.cs.umb.edu/~srikark/selected_videos/720fccf6b1_54.mp4,https://www.cs.umb.edu/~srikark/selected_videos/068371806d_30.mp4,https://www.cs.umb.edu/~srikark/selected_videos/82ab936b7a_3.mp4,https://www.cs.umb.edu/~srikark/selected_videos/81ef830580_22.mp4
https://www.cs.umb.edu/~srikark/selected_videos/21ad80e26e_6.mp4,https://www.cs.umb.edu/~srikark/selected_videos/1a0f97af1e_57.mp4,https://www.cs.umb.edu/~srikark/selected_videos/82ab936b7a_3.mp4,https://www.cs.umb.edu/~srikark/selected_videos/b0fbb33144_4.mp4,https://www.cs.umb.edu/~srikark/selected_videos/399374e32d_2.mp4,https://www.cs.umb.edu/~srikark/selected_videos/d8367d3dac_2.mp4,https://www.cs.umb.edu/~srikark/selected_videos/f5853adc98_37.mp4,https://www.cs.umb.edu/~srikark/selected_videos/97ab48dd55_22.mp4,https://www.cs.umb.edu/~srikark/selected_videos/ff2f622b24_9.mp4,https://www.cs.umb.edu/~srikark/selected_videos/7ca6b24a30_6.mp4
https://www.cs.umb.edu/~srikark/selected_videos/1a0f97af1e_46.mp4,https://www.cs.umb.edu/~srikark/selected_videos/068371806d_21.mp4,https://www.cs.umb.edu/~srikark/selected_videos/dfbe16e76b_56.mp4,https://www.cs.umb.edu/~srikark/selected_videos/736161a978_4.mp4,https://www.cs.umb.edu/~srikark/selected_videos/068371806d_44.mp4,https://www.cs.umb.edu/~srikark/selected_videos/4fdf48c5b7_66.mp4,https://www.cs.umb.edu/~srikark/selected_videos/b8a4c17fbe_3.mp4,https://www.cs.umb.edu/~srikark/selected_videos/f1f80e5aa0_6.mp4,https://www.cs.umb.edu/~srikark/selected_videos/3a1838f3bb_7.mp4,https://www.cs.umb.edu/~srikark/selected_videos/c8c00639ec_19.mp4
https://www.cs.umb.edu/~srikark/selected_videos/4fdf48c5b7_52.mp4,https://www.cs.umb.edu/~srikark/selected_videos/9664967346_2.mp4,https://www.cs.umb.edu/~srikark/selected_videos/404cb61dd9_2.mp4,https://www.cs.umb.edu/~srikark/selected_videos/e0f26547d1_10.mp4,https://www.cs.umb.edu/~srikark/selected_videos/4cb2b138db_2.mp4,https://www.cs.umb.edu/~srikark/selected_videos/c651eb1676_50.mp4,https://www.cs.umb.edu/~srikark/selected_videos/e0f26547d1_8.mp4,https://www.cs.umb.edu/~srikark/selected_videos/4f2dda223f_14.mp4,https://www.cs.umb.edu/~srikark/selected_videos/3eeda30ea0_20.mp4,https://www.cs.umb.edu/~srikark/selected_videos/82ab936b7a_3.mp4
https://www.cs.umb.edu/~srikark/selected_videos/3065b7b574_19.mp4,https://www.cs.umb.edu/~srikark/selected_videos/3a1838f3bb_5.mp4,https://www.cs.umb.edu/~srikark/selected_videos/dc24bb9168_2.mp4,https://www.cs.umb.edu/~srikark/selected_videos/dfbe16e76b_56.mp4,https://www.cs.umb.edu/~srikark/selected_videos/4274b5c7b4_30.mp4,https://www.cs.umb.edu/~srikark/selected_videos/837d3a2ed9_9.mp4,https://www.cs.umb.edu/~srikark/selected_videos/f2d95ed15e_19.mp4,https://www.cs.umb.edu/~srikark/selected_videos/faee919cd2_2.mp4,https://www.cs.umb.edu/~srikark/selected_videos/1a0f97af1e_7.mp4,https://www.cs.umb.edu/~srikark/selected_videos/4b3a4c3a5d_6.mp4
https://www.cs.umb.edu/~srikark/selected_videos/b8a4c17fbe_20.mp4,https://www.cs.umb.edu/~srikark/selected_videos/e3a65645cf_2.mp4,https://www.cs.umb.edu/~srikark/selected_videos/dfbe16e76b_56.mp4,https://www.cs.umb.edu/~srikark/selected_videos/82ab936b7a_3.mp4,https://www.cs.umb.edu/~srikark/selected_videos/6df776419c_15.mp4,https://www.cs.umb.edu/~srikark/selected_videos/3d6139bba9_10.mp4,https://www.cs.umb.edu/~srikark/selected_videos/8172b14d94_12.mp4,https://www.cs.umb.edu/~srikark/selected_videos/b8a4c17fbe_26.mp4,https://www.cs.umb.edu/~srikark/selected_videos/82ab936b7a_3.mp4,https://www.cs.umb.edu/~srikark/selected_videos/4b8d550db2_10.mp4
https://www.cs.umb.edu/~srikark/selected_videos/a2dd854c9c_13.mp4,https://www.cs.umb.edu/~srikark/selected_videos/dfbe16e76b_48.mp4,https://www.cs.umb.edu/~srikark/selected_videos/82ab936b7a_3.mp4,https://www.cs.umb.edu/~srikark/selected_videos/9d22732682_21.mp4,https://www.cs.umb.edu/~srikark/selected_videos/c651eb1676_50.mp4,https://www.cs.umb.edu/~srikark/selected_videos/0a368dff45_19.mp4,https://www.cs.umb.edu/~srikark/selected_videos/34525d0742_10.mp4,https://www.cs.umb.edu/~srikark/selected_videos/4fdf48c5b7_59.mp4,https://www.cs.umb.edu/~srikark/selected_videos/837d3a2ed9_6.mp4,https://www.cs.umb.edu/~srikark/selected_videos/21ad80e26e_7.mp4
https://www.cs.umb.edu/~srikark/selected_videos/540c0cba0a_135.mp4,https://www.cs.umb.edu/~srikark/selected_videos/dad8f52d67_8.mp4,https://www.cs.umb.edu/~srikark/selected_videos/82ab936b7a_3.mp4,https://www.cs.umb.edu/~srikark/selected_videos/720fccf6b1_78.mp4,https://www.cs.umb.edu/~srikark/selected_videos/4fdabf2807_10.mp4,https://www.cs.umb.edu/~srikark/selected_videos/ef2f7d7dbf_57.mp4,https://www.cs.umb.edu/~srikark/selected_videos/6a223d2f44_15.mp4,https://www.cs.umb.edu/~srikark/selected_videos/e8477b04ec_30.mp4,https://www.cs.umb.edu/~srikark/selected_videos/404cb61dd9_4.mp4,https://www.cs.umb.edu/~srikark/selected_videos/ee966ce916_7.mp4
https://www.cs.umb.edu/~srikark/selected_videos/dfbe16e76b_38.mp4,https://www.cs.umb.edu/~srikark/selected_videos/2630e932f0_63.mp4,https://www.cs.umb.edu/~srikark/selected_videos/7a393124cb_19.mp4,https://www.cs.umb.edu/~srikark/selected_videos/4c08eeaf99_14.mp4,https://www.cs.umb.edu/~srikark/selected_videos/2d3a17b517_23.mp4,https://www.cs.umb.edu/~srikark/selected_videos/86410175f1_9.mp4,https://www.cs.umb.edu/~srikark/selected_videos/0a6455dbb0_3.mp4,https://www.cs.umb.edu/~srikark/selected_videos/068371806d_44.mp4,https://www.cs.umb.edu/~srikark/selected_videos/3f81e67c9b_8.mp4,https://www.cs.umb.edu/~srikark/selected_videos/400f09a2d4_7.mp4
https://www.cs.umb.edu/~srikark/selected_videos/dfbe16e76b_12.mp4,https://www.cs.umb.edu/~srikark/selected_videos/4fdf48c5b7_63.mp4,https://www.cs.umb.edu/~srikark/selected_videos/df2b112a9a_6.mp4,https://www.cs.umb.edu/~srikark/selected_videos/82ab936b7a_3.mp4,https://www.cs.umb.edu/~srikark/selected_videos/e5124f7ead_7.mp4,https://www.cs.umb.edu/~srikark/selected_videos/62c05bb425_11.mp4,https://www.cs.umb.edu/~srikark/selected_videos/4c08eeaf99_55.mp4,https://www.cs.umb.edu/~srikark/selected_videos/c8c00639ec_5.mp4,https://www.cs.umb.edu/~srikark/selected_videos/c651eb1676_23.mp4,https://www.cs.umb.edu/~srikark/selected_videos/1a0f97af1e_8.mp4
https://www.cs.umb.edu/~srikark/selected_videos/9369d89203_3.mp4,https://www.cs.umb.edu/~srikark/selected_videos/f7c3f8989b_8.mp4,https://www.cs.umb.edu/~srikark/selected_videos/f1d34d8f6a_10.mp4,https://www.cs.umb.edu/~srikark/selected_videos/1a0f97af1e_49.mp4,https://www.cs.umb.edu/~srikark/selected_videos/4274b5c7b4_18.mp4,https://www.cs.umb.edu/~srikark/selected_videos/c651eb1676_50.mp4,https://www.cs.umb.edu/~srikark/selected_videos/068371806d_28.mp4,https://www.cs.umb.edu/~srikark/selected_videos/9471a6fc08_2.mp4,https://www.cs.umb.edu/~srikark/selected_videos/ff2f622b24_1.mp4,https://www.cs.umb.edu/~srikark/selected_videos/c651eb1676_164.mp4